{
    "optimal_weights": [
        0.02425975113676918,
        0.1226893406920802,
        0.08213025784954549,
        0.03490748683917939,
        0.08351149698329266,
        0.05375669728644601,
        0.08778024869104378,
        0.04119023557609287,
        0.023915570089132497,
        0.048175631370233285,
        0.027704608964414075,
        0.06988364002934914,
        0.10236684186746534,
        0.03164737739910853,
        0.07776739414311166,
        0.08831342108273603
    ],
    "risk_metrics": {
        "portfolio_return": 28.550539357250237,
        "portfolio_std": 2.6602173617065175,
        "sharpe_ratio": 10.713613018060775,
        "weights": [
            0.02425975113676918,
            0.1226893406920802,
            0.08213025784954549,
            0.03490748683917939,
            0.08351149698329266,
            0.05375669728644601,
            0.08778024869104378,
            0.04119023557609287,
            0.023915570089132497,
            0.048175631370233285,
            0.027704608964414075,
            0.06988364002934914,
            0.10236684186746534,
            0.03164737739910853,
            0.07776739414311166,
            0.08831342108273603
        ],
        "strategy": "GenAI Moderate"
    },
    "genai_context": {
        "risk_tolerance": "moderate",
        "target_return": 28.550539356685697,
        "risk_free_rate": 0.05
    },
    "stock_names": [
        "AXISBANK",
        "BAJFINANCE",
        "BHARTIARTL",
        "HCLTECH",
        "HDFCBANK",
        "ICICIBANK",
        "INFY",
        "KOTAKBANK",
        "MARUTI",
        "RELIANCE",
        "SBIN",
        "STOCK_DATASET",
        "SUNPHARMA",
        "TCS",
        "TITAN",
        "WIPRO"
    ],
    "n_assets": 16,
    "timestamp": "2026-05-28T23:26:26.497037"
}