{
    "optimal_weights": [
        0.10540895408916776,
        0.04766851840704717,
        0.082431771390374,
        0.06349743644366886,
        0.08657120270549294,
        0.06943560053520924,
        0.048982559936791875,
        0.07758040621849384,
        0.1098489397787535,
        0.06487655954977284,
        0.037860471743024676,
        0.03833070860013315,
        0.07041406697054994,
        0.06492963104500518,
        0.01722248664227137,
        0.014940685944243757
    ],
    "risk_metrics": {
        "portfolio_return": 14.941187606057678,
        "portfolio_std": 1.9031714437884608,
        "sharpe_ratio": 7.824406810358198,
        "weights": [
            0.10540895408916776,
            0.04766851840704717,
            0.082431771390374,
            0.06349743644366886,
            0.08657120270549294,
            0.06943560053520924,
            0.048982559936791875,
            0.07758040621849384,
            0.1098489397787535,
            0.06487655954977284,
            0.037860471743024676,
            0.03833070860013315,
            0.07041406697054994,
            0.06492963104500518,
            0.01722248664227137,
            0.014940685944243757
        ],
        "strategy": "GenAI Moderate"
    },
    "genai_context": {
        "risk_tolerance": "moderate",
        "target_return": 14.941187605558131,
        "risk_free_rate": 0.05
    },
    "stock_names": [
        "AXISBANK",
        "BAJFINANCE",
        "BHARTIARTL",
        "HCLTECH",
        "HDFCBANK",
        "ICICIBANK",
        "INFY",
        "KOTAKBANK",
        "MARUTI",
        "RELIANCE",
        "SBIN",
        "STOCK_DATASET",
        "SUNPHARMA",
        "TCS",
        "TITAN",
        "WIPRO"
    ],
    "n_assets": 16,
    "timestamp": "2026-05-29T09:12:55.373198"
}