{
    "optimal_weights": [
        6.1283645180089234e-18,
        0.06554565519138517,
        0.0923928742037575,
        0.05778935510034439,
        0.08673837617804954,
        0.03542873286941483,
        0.10828982778870055,
        0.11202038942515836,
        0.06538581898234916,
        0.03519380913018354,
        0.12309509278586452,
        0.024489974083895638,
        0.08067905290889041,
        0.0888175880355525,
        0.020072704003274697,
        0.004060749313179144
    ],
    "risk_metrics": {
        "portfolio_return": 20.191359764086883,
        "portfolio_std": 2.2168641534860947,
        "sharpe_ratio": 9.085518267961483,
        "weights": [
            6.1283645180089234e-18,
            0.06554565519138517,
            0.0923928742037575,
            0.05778935510034439,
            0.08673837617804954,
            0.03542873286941483,
            0.10828982778870055,
            0.11202038942515836,
            0.06538581898234916,
            0.03519380913018354,
            0.12309509278586452,
            0.024489974083895638,
            0.08067905290889041,
            0.0888175880355525,
            0.020072704003274697,
            0.004060749313179144
        ],
        "strategy": "GenAI Moderate"
    },
    "genai_context": {
        "risk_tolerance": "moderate",
        "target_return": 20.191359763957294,
        "risk_free_rate": 0.05
    },
    "stock_names": [
        "AXISBANK",
        "BAJFINANCE",
        "BHARTIARTL",
        "HCLTECH",
        "HDFCBANK",
        "ICICIBANK",
        "INFY",
        "KOTAKBANK",
        "MARUTI",
        "RELIANCE",
        "SBIN",
        "STOCK_DATASET",
        "SUNPHARMA",
        "TCS",
        "TITAN",
        "WIPRO"
    ],
    "n_assets": 16,
    "timestamp": "2026-05-28T23:33:30.985249"
}