{
    "optimal_weights": [
        0.09165510356378057,
        0.01363334033019318,
        0.0302674071835695,
        0.06616762200237887,
        0.08488701491118972,
        0.045838749970368534,
        0.09272258359853283,
        0.10558829406834488,
        0.04927816276636869,
        0.06891487436821675,
        0.09041932034044518,
        0.0026933923099710516,
        0.08920817587821593,
        0.02293236079565318,
        0.05448817390441163,
        0.09130542400835938
    ],
    "risk_metrics": {
        "portfolio_return": 14.246951551119569,
        "portfolio_std": 1.5280341259423058,
        "sharpe_ratio": 9.290991156604315,
        "weights": [
            0.09165510356378057,
            0.01363334033019318,
            0.0302674071835695,
            0.06616762200237887,
            0.08488701491118972,
            0.045838749970368534,
            0.09272258359853283,
            0.10558829406834488,
            0.04927816276636869,
            0.06891487436821675,
            0.09041932034044518,
            0.0026933923099710516,
            0.08920817587821593,
            0.02293236079565318,
            0.05448817390441163,
            0.09130542400835938
        ],
        "strategy": "GenAI Moderate"
    },
    "genai_context": {
        "risk_tolerance": "moderate",
        "target_return": 14.24695155114074,
        "risk_free_rate": 0.05
    },
    "stock_names": [
        "AXISBANK",
        "BAJFINANCE",
        "BHARTIARTL",
        "HCLTECH",
        "HDFCBANK",
        "ICICIBANK",
        "INFY",
        "KOTAKBANK",
        "MARUTI",
        "RELIANCE",
        "SBIN",
        "STOCK_DATASET",
        "SUNPHARMA",
        "TCS",
        "TITAN",
        "WIPRO"
    ],
    "n_assets": 16,
    "timestamp": "2026-05-29T10:07:02.650161"
}